id,strategy,alpha,rate,n_awards
0,modele_pur,0.0,0.36,1440
1,modele_pur,0.0,0.37,1480
2,modele_pur,0.0,0.38,1520
3,modele_pur,0.0,0.39,1560
4,modele_pur,0.0,0.4,1600
5,modele_pur,0.0,0.41,1640
6,modele_pur,0.0,0.42,1680
7,modele_pur,0.0,0.43,1720
8,modele_pur,0.0,0.44,1760
9,modele_pur,0.05,0.36,1440
10,modele_pur,0.05,0.37,1480
11,modele_pur,0.05,0.38,1520
12,modele_pur,0.05,0.39,1560
13,modele_pur,0.05,0.4,1600
14,modele_pur,0.05,0.41,1640
15,modele_pur,0.05,0.42,1680
16,modele_pur,0.05,0.43,1720
17,modele_pur,0.05,0.44,1760
18,modele_pur,0.1,0.36,1440
19,modele_pur,0.1,0.37,1480
20,modele_pur,0.1,0.38,1520
21,modele_pur,0.1,0.39,1560
22,modele_pur,0.1,0.4,1600
23,modele_pur,0.1,0.41,1640
24,modele_pur,0.1,0.42,1680
25,modele_pur,0.1,0.43,1720
26,modele_pur,0.1,0.44,1760
27,modele_pur,0.15000000000000002,0.36,1440
28,modele_pur,0.15000000000000002,0.37,1480
29,modele_pur,0.15000000000000002,0.38,1520
30,modele_pur,0.15000000000000002,0.39,1560
31,modele_pur,0.15000000000000002,0.4,1600
32,modele_pur,0.15000000000000002,0.41,1640
33,modele_pur,0.15000000000000002,0.42,1680
34,modele_pur,0.15000000000000002,0.43,1720
35,modele_pur,0.15000000000000002,0.44,1760
36,modele_pur,0.2,0.36,1440
37,modele_pur,0.2,0.37,1480
38,modele_pur,0.2,0.38,1520
39,modele_pur,0.2,0.39,1560
40,modele_pur,0.2,0.4,1600
41,modele_pur,0.2,0.41,1640
42,modele_pur,0.2,0.42,1680
43,modele_pur,0.2,0.43,1720
44,modele_pur,0.2,0.44,1760
45,modele_pur,0.25,0.36,1440
46,modele_pur,0.25,0.37,1480
47,modele_pur,0.25,0.38,1520
48,modele_pur,0.25,0.39,1560
49,modele_pur,0.25,0.4,1600
50,modele_pur,0.25,0.41,1640
51,modele_pur,0.25,0.42,1680
52,modele_pur,0.25,0.43,1720
53,modele_pur,0.25,0.44,1760
54,modele_pur,0.30000000000000004,0.36,1440
55,modele_pur,0.30000000000000004,0.37,1480
56,modele_pur,0.30000000000000004,0.38,1520
57,modele_pur,0.30000000000000004,0.39,1560
58,modele_pur,0.30000000000000004,0.4,1600
59,modele_pur,0.30000000000000004,0.41,1640
60,modele_pur,0.30000000000000004,0.42,1680
61,modele_pur,0.30000000000000004,0.43,1720
62,modele_pur,0.30000000000000004,0.44,1760
63,modele_pur,0.35000000000000003,0.36,1440
64,modele_pur,0.35000000000000003,0.37,1480
65,modele_pur,0.35000000000000003,0.38,1520
66,modele_pur,0.35000000000000003,0.39,1560
67,modele_pur,0.35000000000000003,0.4,1600
68,modele_pur,0.35000000000000003,0.41,1640
69,modele_pur,0.35000000000000003,0.42,1680
70,modele_pur,0.35000000000000003,0.43,1720
71,modele_pur,0.35000000000000003,0.44,1760
72,modele_pur,0.4,0.36,1440
73,modele_pur,0.4,0.37,1480
74,modele_pur,0.4,0.38,1520
75,modele_pur,0.4,0.39,1560
76,modele_pur,0.4,0.4,1600
77,modele_pur,0.4,0.41,1640
78,modele_pur,0.4,0.42,1680
79,modele_pur,0.4,0.43,1720
80,modele_pur,0.4,0.44,1760
81,modele_pur,0.45,0.36,1440
82,modele_pur,0.45,0.37,1480
83,modele_pur,0.45,0.38,1520
84,modele_pur,0.45,0.39,1560
85,modele_pur,0.45,0.4,1600
86,modele_pur,0.45,0.41,1640
87,modele_pur,0.45,0.42,1680
88,modele_pur,0.45,0.43,1720
89,modele_pur,0.45,0.44,1760
90,modele_pur,0.5,0.36,1440
91,modele_pur,0.5,0.37,1480
92,modele_pur,0.5,0.38,1520
93,modele_pur,0.5,0.39,1560
94,modele_pur,0.5,0.4,1600
95,modele_pur,0.5,0.41,1640
96,modele_pur,0.5,0.42,1680
97,modele_pur,0.5,0.43,1720
98,modele_pur,0.5,0.44,1760
99,modele_pur,0.55,0.36,1440
100,modele_pur,0.55,0.37,1480
101,modele_pur,0.55,0.38,1520
102,modele_pur,0.55,0.39,1560
103,modele_pur,0.55,0.4,1600
104,modele_pur,0.55,0.41,1640
105,modele_pur,0.55,0.42,1680
106,modele_pur,0.55,0.43,1720
107,modele_pur,0.55,0.44,1760
108,modele_pur,0.6000000000000001,0.36,1440
109,modele_pur,0.6000000000000001,0.37,1480
110,modele_pur,0.6000000000000001,0.38,1520
111,modele_pur,0.6000000000000001,0.39,1560
112,modele_pur,0.6000000000000001,0.4,1600
113,modele_pur,0.6000000000000001,0.41,1640
114,modele_pur,0.6000000000000001,0.42,1680
115,modele_pur,0.6000000000000001,0.43,1720
116,modele_pur,0.6000000000000001,0.44,1760
117,modele_pur,0.65,0.36,1440
118,modele_pur,0.65,0.37,1480
119,modele_pur,0.65,0.38,1520
120,modele_pur,0.65,0.39,1560
121,modele_pur,0.65,0.4,1600
122,modele_pur,0.65,0.41,1640
123,modele_pur,0.65,0.42,1680
124,modele_pur,0.65,0.43,1720
125,modele_pur,0.65,0.44,1760
126,modele_pur,0.7000000000000001,0.36,1440
127,modele_pur,0.7000000000000001,0.37,1480
128,modele_pur,0.7000000000000001,0.38,1520
129,modele_pur,0.7000000000000001,0.39,1560
130,modele_pur,0.7000000000000001,0.4,1600
131,modele_pur,0.7000000000000001,0.41,1640
132,modele_pur,0.7000000000000001,0.42,1680
133,modele_pur,0.7000000000000001,0.43,1720
134,modele_pur,0.7000000000000001,0.44,1760
135,modele_pur,0.75,0.36,1440
136,modele_pur,0.75,0.37,1480
137,modele_pur,0.75,0.38,1520
138,modele_pur,0.75,0.39,1560
139,modele_pur,0.75,0.4,1600
140,modele_pur,0.75,0.41,1640
141,modele_pur,0.75,0.42,1680
142,modele_pur,0.75,0.43,1720
143,modele_pur,0.75,0.44,1760
144,modele_pur,0.8,0.36,1440
145,modele_pur,0.8,0.37,1480
146,modele_pur,0.8,0.38,1520
147,modele_pur,0.8,0.39,1560
148,modele_pur,0.8,0.4,1600
149,modele_pur,0.8,0.41,1640
150,modele_pur,0.8,0.42,1680
151,modele_pur,0.8,0.43,1720
152,modele_pur,0.8,0.44,1760
153,modele_pur,0.8500000000000001,0.36,1440
154,modele_pur,0.8500000000000001,0.37,1480
155,modele_pur,0.8500000000000001,0.38,1520
156,modele_pur,0.8500000000000001,0.39,1560
157,modele_pur,0.8500000000000001,0.4,1600
158,modele_pur,0.8500000000000001,0.41,1640
159,modele_pur,0.8500000000000001,0.42,1680
160,modele_pur,0.8500000000000001,0.43,1720
161,modele_pur,0.8500000000000001,0.44,1760
162,modele_pur,0.9,0.36,1440
163,modele_pur,0.9,0.37,1480
164,modele_pur,0.9,0.38,1520
165,modele_pur,0.9,0.39,1560
166,modele_pur,0.9,0.4,1600
167,modele_pur,0.9,0.41,1640
168,modele_pur,0.9,0.42,1680
169,modele_pur,0.9,0.43,1720
170,modele_pur,0.9,0.44,1760
171,modele_pur,0.9500000000000001,0.36,1440
172,modele_pur,0.9500000000000001,0.37,1480
173,modele_pur,0.9500000000000001,0.38,1520
174,modele_pur,0.9500000000000001,0.39,1560
175,modele_pur,0.9500000000000001,0.4,1600
176,modele_pur,0.9500000000000001,0.41,1640
177,modele_pur,0.9500000000000001,0.42,1680
178,modele_pur,0.9500000000000001,0.43,1720
179,modele_pur,0.9500000000000001,0.44,1760
180,modele_pur,1.0,0.36,1440
181,modele_pur,1.0,0.37,1480
182,modele_pur,1.0,0.38,1520
183,modele_pur,1.0,0.39,1560
184,modele_pur,1.0,0.4,1600
185,modele_pur,1.0,0.41,1640
186,modele_pur,1.0,0.42,1680
187,modele_pur,1.0,0.43,1720
188,modele_pur,1.0,0.44,1760
189,merite_60,0.0,0.36,1440
190,merite_60,0.0,0.37,1480
191,merite_60,0.0,0.38,1520
192,merite_60,0.0,0.39,1560
193,merite_60,0.0,0.4,1600
194,merite_60,0.0,0.41,1640
195,merite_60,0.0,0.42,1680
196,merite_60,0.0,0.43,1720
197,merite_60,0.0,0.44,1760
198,merite_60,0.05,0.36,1440
199,merite_60,0.05,0.37,1480
200,merite_60,0.05,0.38,1520
201,merite_60,0.05,0.39,1560
202,merite_60,0.05,0.4,1600
203,merite_60,0.05,0.41,1640
204,merite_60,0.05,0.42,1680
205,merite_60,0.05,0.43,1720
206,merite_60,0.05,0.44,1760
207,merite_60,0.1,0.36,1440
208,merite_60,0.1,0.37,1480
209,merite_60,0.1,0.38,1520
210,merite_60,0.1,0.39,1560
211,merite_60,0.1,0.4,1600
212,merite_60,0.1,0.41,1640
213,merite_60,0.1,0.42,1680
214,merite_60,0.1,0.43,1720
215,merite_60,0.1,0.44,1760
216,merite_60,0.15000000000000002,0.36,1440
217,merite_60,0.15000000000000002,0.37,1480
218,merite_60,0.15000000000000002,0.38,1520
219,merite_60,0.15000000000000002,0.39,1560
220,merite_60,0.15000000000000002,0.4,1600
221,merite_60,0.15000000000000002,0.41,1640
222,merite_60,0.15000000000000002,0.42,1680
223,merite_60,0.15000000000000002,0.43,1720
224,merite_60,0.15000000000000002,0.44,1760
225,merite_60,0.2,0.36,1440
226,merite_60,0.2,0.37,1480
227,merite_60,0.2,0.38,1520
228,merite_60,0.2,0.39,1560
229,merite_60,0.2,0.4,1600
230,merite_60,0.2,0.41,1640
231,merite_60,0.2,0.42,1680
232,merite_60,0.2,0.43,1720
233,merite_60,0.2,0.44,1760
234,merite_60,0.25,0.36,1440
235,merite_60,0.25,0.37,1480
236,merite_60,0.25,0.38,1520
237,merite_60,0.25,0.39,1560
238,merite_60,0.25,0.4,1600
239,merite_60,0.25,0.41,1640
240,merite_60,0.25,0.42,1680
241,merite_60,0.25,0.43,1720
242,merite_60,0.25,0.44,1760
243,merite_60,0.30000000000000004,0.36,1440
244,merite_60,0.30000000000000004,0.37,1480
245,merite_60,0.30000000000000004,0.38,1520
246,merite_60,0.30000000000000004,0.39,1560
247,merite_60,0.30000000000000004,0.4,1600
248,merite_60,0.30000000000000004,0.41,1640
249,merite_60,0.30000000000000004,0.42,1680
250,merite_60,0.30000000000000004,0.43,1720
251,merite_60,0.30000000000000004,0.44,1760
252,merite_60,0.35000000000000003,0.36,1440
253,merite_60,0.35000000000000003,0.37,1480
254,merite_60,0.35000000000000003,0.38,1520
255,merite_60,0.35000000000000003,0.39,1560
256,merite_60,0.35000000000000003,0.4,1600
257,merite_60,0.35000000000000003,0.41,1640
258,merite_60,0.35000000000000003,0.42,1680
259,merite_60,0.35000000000000003,0.43,1720
260,merite_60,0.35000000000000003,0.44,1760
261,merite_60,0.4,0.36,1440
262,merite_60,0.4,0.37,1480
263,merite_60,0.4,0.38,1520
264,merite_60,0.4,0.39,1560
265,merite_60,0.4,0.4,1600
266,merite_60,0.4,0.41,1640
267,merite_60,0.4,0.42,1680
268,merite_60,0.4,0.43,1720
269,merite_60,0.4,0.44,1760
270,merite_60,0.45,0.36,1440
271,merite_60,0.45,0.37,1480
272,merite_60,0.45,0.38,1520
273,merite_60,0.45,0.39,1560
274,merite_60,0.45,0.4,1600
275,merite_60,0.45,0.41,1640
276,merite_60,0.45,0.42,1680
277,merite_60,0.45,0.43,1720
278,merite_60,0.45,0.44,1760
279,merite_60,0.5,0.36,1440
280,merite_60,0.5,0.37,1480
281,merite_60,0.5,0.38,1520
282,merite_60,0.5,0.39,1560
283,merite_60,0.5,0.4,1600
284,merite_60,0.5,0.41,1640
285,merite_60,0.5,0.42,1680
286,merite_60,0.5,0.43,1720
287,merite_60,0.5,0.44,1760
288,merite_60,0.55,0.36,1440
289,merite_60,0.55,0.37,1480
290,merite_60,0.55,0.38,1520
291,merite_60,0.55,0.39,1560
292,merite_60,0.55,0.4,1600
293,merite_60,0.55,0.41,1640
294,merite_60,0.55,0.42,1680
295,merite_60,0.55,0.43,1720
296,merite_60,0.55,0.44,1760
297,merite_60,0.6000000000000001,0.36,1440
298,merite_60,0.6000000000000001,0.37,1480
299,merite_60,0.6000000000000001,0.38,1520
300,merite_60,0.6000000000000001,0.39,1560
301,merite_60,0.6000000000000001,0.4,1600
302,merite_60,0.6000000000000001,0.41,1640
303,merite_60,0.6000000000000001,0.42,1680
304,merite_60,0.6000000000000001,0.43,1720
305,merite_60,0.6000000000000001,0.44,1760
306,merite_60,0.65,0.36,1440
307,merite_60,0.65,0.37,1480
308,merite_60,0.65,0.38,1520
309,merite_60,0.65,0.39,1560
310,merite_60,0.65,0.4,1600
311,merite_60,0.65,0.41,1640
312,merite_60,0.65,0.42,1680
313,merite_60,0.65,0.43,1720
314,merite_60,0.65,0.44,1760
315,merite_60,0.7000000000000001,0.36,1440
316,merite_60,0.7000000000000001,0.37,1480
317,merite_60,0.7000000000000001,0.38,1520
318,merite_60,0.7000000000000001,0.39,1560
319,merite_60,0.7000000000000001,0.4,1600
320,merite_60,0.7000000000000001,0.41,1640
321,merite_60,0.7000000000000001,0.42,1680
322,merite_60,0.7000000000000001,0.43,1720
323,merite_60,0.7000000000000001,0.44,1760
324,merite_60,0.75,0.36,1440
325,merite_60,0.75,0.37,1480
326,merite_60,0.75,0.38,1520
327,merite_60,0.75,0.39,1560
328,merite_60,0.75,0.4,1600
329,merite_60,0.75,0.41,1640
330,merite_60,0.75,0.42,1680
331,merite_60,0.75,0.43,1720
332,merite_60,0.75,0.44,1760
333,merite_60,0.8,0.36,1440
334,merite_60,0.8,0.37,1480
335,merite_60,0.8,0.38,1520
336,merite_60,0.8,0.39,1560
337,merite_60,0.8,0.4,1600
338,merite_60,0.8,0.41,1640
339,merite_60,0.8,0.42,1680
340,merite_60,0.8,0.43,1720
341,merite_60,0.8,0.44,1760
342,merite_60,0.8500000000000001,0.36,1440
343,merite_60,0.8500000000000001,0.37,1480
344,merite_60,0.8500000000000001,0.38,1520
345,merite_60,0.8500000000000001,0.39,1560
346,merite_60,0.8500000000000001,0.4,1600
347,merite_60,0.8500000000000001,0.41,1640
348,merite_60,0.8500000000000001,0.42,1680
349,merite_60,0.8500000000000001,0.43,1720
350,merite_60,0.8500000000000001,0.44,1760
351,merite_60,0.9,0.36,1440
352,merite_60,0.9,0.37,1480
353,merite_60,0.9,0.38,1520
354,merite_60,0.9,0.39,1560
355,merite_60,0.9,0.4,1600
356,merite_60,0.9,0.41,1640
357,merite_60,0.9,0.42,1680
358,merite_60,0.9,0.43,1720
359,merite_60,0.9,0.44,1760
360,merite_60,0.9500000000000001,0.36,1440
361,merite_60,0.9500000000000001,0.37,1480
362,merite_60,0.9500000000000001,0.38,1520
363,merite_60,0.9500000000000001,0.39,1560
364,merite_60,0.9500000000000001,0.4,1600
365,merite_60,0.9500000000000001,0.41,1640
366,merite_60,0.9500000000000001,0.42,1680
367,merite_60,0.9500000000000001,0.43,1720
368,merite_60,0.9500000000000001,0.44,1760
369,merite_60,1.0,0.36,1440
370,merite_60,1.0,0.37,1480
371,merite_60,1.0,0.38,1520
372,merite_60,1.0,0.39,1560
373,merite_60,1.0,0.4,1600
374,merite_60,1.0,0.41,1640
375,merite_60,1.0,0.42,1680
376,merite_60,1.0,0.43,1720
377,merite_60,1.0,0.44,1760
378,merite_70,0.0,0.36,1440
379,merite_70,0.0,0.37,1480
380,merite_70,0.0,0.38,1520
381,merite_70,0.0,0.39,1560
382,merite_70,0.0,0.4,1600
383,merite_70,0.0,0.41,1640
384,merite_70,0.0,0.42,1680
385,merite_70,0.0,0.43,1720
386,merite_70,0.0,0.44,1760
387,merite_70,0.05,0.36,1440
388,merite_70,0.05,0.37,1480
389,merite_70,0.05,0.38,1520
390,merite_70,0.05,0.39,1560
391,merite_70,0.05,0.4,1600
392,merite_70,0.05,0.41,1640
393,merite_70,0.05,0.42,1680
394,merite_70,0.05,0.43,1720
395,merite_70,0.05,0.44,1760
396,merite_70,0.1,0.36,1440
397,merite_70,0.1,0.37,1480
398,merite_70,0.1,0.38,1520
399,merite_70,0.1,0.39,1560
400,merite_70,0.1,0.4,1600
401,merite_70,0.1,0.41,1640
402,merite_70,0.1,0.42,1680
403,merite_70,0.1,0.43,1720
404,merite_70,0.1,0.44,1760
405,merite_70,0.15000000000000002,0.36,1440
406,merite_70,0.15000000000000002,0.37,1480
407,merite_70,0.15000000000000002,0.38,1520
408,merite_70,0.15000000000000002,0.39,1560
409,merite_70,0.15000000000000002,0.4,1600
410,merite_70,0.15000000000000002,0.41,1640
411,merite_70,0.15000000000000002,0.42,1680
412,merite_70,0.15000000000000002,0.43,1720
413,merite_70,0.15000000000000002,0.44,1760
414,merite_70,0.2,0.36,1440
415,merite_70,0.2,0.37,1480
416,merite_70,0.2,0.38,1520
417,merite_70,0.2,0.39,1560
418,merite_70,0.2,0.4,1600
419,merite_70,0.2,0.41,1640
420,merite_70,0.2,0.42,1680
421,merite_70,0.2,0.43,1720
422,merite_70,0.2,0.44,1760
423,merite_70,0.25,0.36,1440
424,merite_70,0.25,0.37,1480
425,merite_70,0.25,0.38,1520
426,merite_70,0.25,0.39,1560
427,merite_70,0.25,0.4,1600
428,merite_70,0.25,0.41,1640
429,merite_70,0.25,0.42,1680
430,merite_70,0.25,0.43,1720
431,merite_70,0.25,0.44,1760
432,merite_70,0.30000000000000004,0.36,1440
433,merite_70,0.30000000000000004,0.37,1480
434,merite_70,0.30000000000000004,0.38,1520
435,merite_70,0.30000000000000004,0.39,1560
436,merite_70,0.30000000000000004,0.4,1600
437,merite_70,0.30000000000000004,0.41,1640
438,merite_70,0.30000000000000004,0.42,1680
439,merite_70,0.30000000000000004,0.43,1720
440,merite_70,0.30000000000000004,0.44,1760
441,merite_70,0.35000000000000003,0.36,1440
442,merite_70,0.35000000000000003,0.37,1480
443,merite_70,0.35000000000000003,0.38,1520
444,merite_70,0.35000000000000003,0.39,1560
445,merite_70,0.35000000000000003,0.4,1600
446,merite_70,0.35000000000000003,0.41,1640
447,merite_70,0.35000000000000003,0.42,1680
448,merite_70,0.35000000000000003,0.43,1720
449,merite_70,0.35000000000000003,0.44,1760
450,merite_70,0.4,0.36,1440
451,merite_70,0.4,0.37,1480
452,merite_70,0.4,0.38,1520
453,merite_70,0.4,0.39,1560
454,merite_70,0.4,0.4,1600
455,merite_70,0.4,0.41,1640
456,merite_70,0.4,0.42,1680
457,merite_70,0.4,0.43,1720
458,merite_70,0.4,0.44,1760
459,merite_70,0.45,0.36,1440
460,merite_70,0.45,0.37,1480
461,merite_70,0.45,0.38,1520
462,merite_70,0.45,0.39,1560
463,merite_70,0.45,0.4,1600
464,merite_70,0.45,0.41,1640
465,merite_70,0.45,0.42,1680
466,merite_70,0.45,0.43,1720
467,merite_70,0.45,0.44,1760
468,merite_70,0.5,0.36,1440
469,merite_70,0.5,0.37,1480
470,merite_70,0.5,0.38,1520
471,merite_70,0.5,0.39,1560
472,merite_70,0.5,0.4,1600
473,merite_70,0.5,0.41,1640
474,merite_70,0.5,0.42,1680
475,merite_70,0.5,0.43,1720
476,merite_70,0.5,0.44,1760
477,merite_70,0.55,0.36,1440
478,merite_70,0.55,0.37,1480
479,merite_70,0.55,0.38,1520
480,merite_70,0.55,0.39,1560
481,merite_70,0.55,0.4,1600
482,merite_70,0.55,0.41,1640
483,merite_70,0.55,0.42,1680
484,merite_70,0.55,0.43,1720
485,merite_70,0.55,0.44,1760
486,merite_70,0.6000000000000001,0.36,1440
487,merite_70,0.6000000000000001,0.37,1480
488,merite_70,0.6000000000000001,0.38,1520
489,merite_70,0.6000000000000001,0.39,1560
490,merite_70,0.6000000000000001,0.4,1600
491,merite_70,0.6000000000000001,0.41,1640
492,merite_70,0.6000000000000001,0.42,1680
493,merite_70,0.6000000000000001,0.43,1720
494,merite_70,0.6000000000000001,0.44,1760
495,merite_70,0.65,0.36,1440
496,merite_70,0.65,0.37,1480
497,merite_70,0.65,0.38,1520
498,merite_70,0.65,0.39,1560
499,merite_70,0.65,0.4,1600
500,merite_70,0.65,0.41,1640
501,merite_70,0.65,0.42,1680
502,merite_70,0.65,0.43,1720
503,merite_70,0.65,0.44,1760
504,merite_70,0.7000000000000001,0.36,1440
505,merite_70,0.7000000000000001,0.37,1480
506,merite_70,0.7000000000000001,0.38,1520
507,merite_70,0.7000000000000001,0.39,1560
508,merite_70,0.7000000000000001,0.4,1600
509,merite_70,0.7000000000000001,0.41,1640
510,merite_70,0.7000000000000001,0.42,1680
511,merite_70,0.7000000000000001,0.43,1720
512,merite_70,0.7000000000000001,0.44,1760
513,merite_70,0.75,0.36,1440
514,merite_70,0.75,0.37,1480
515,merite_70,0.75,0.38,1520
516,merite_70,0.75,0.39,1560
517,merite_70,0.75,0.4,1600
518,merite_70,0.75,0.41,1640
519,merite_70,0.75,0.42,1680
520,merite_70,0.75,0.43,1720
521,merite_70,0.75,0.44,1760
522,merite_70,0.8,0.36,1440
523,merite_70,0.8,0.37,1480
524,merite_70,0.8,0.38,1520
525,merite_70,0.8,0.39,1560
526,merite_70,0.8,0.4,1600
527,merite_70,0.8,0.41,1640
528,merite_70,0.8,0.42,1680
529,merite_70,0.8,0.43,1720
530,merite_70,0.8,0.44,1760
531,merite_70,0.8500000000000001,0.36,1440
532,merite_70,0.8500000000000001,0.37,1480
533,merite_70,0.8500000000000001,0.38,1520
534,merite_70,0.8500000000000001,0.39,1560
535,merite_70,0.8500000000000001,0.4,1600
536,merite_70,0.8500000000000001,0.41,1640
537,merite_70,0.8500000000000001,0.42,1680
538,merite_70,0.8500000000000001,0.43,1720
539,merite_70,0.8500000000000001,0.44,1760
540,merite_70,0.9,0.36,1440
541,merite_70,0.9,0.37,1480
542,merite_70,0.9,0.38,1520
543,merite_70,0.9,0.39,1560
544,merite_70,0.9,0.4,1600
545,merite_70,0.9,0.41,1640
546,merite_70,0.9,0.42,1680
547,merite_70,0.9,0.43,1720
548,merite_70,0.9,0.44,1760
549,merite_70,0.9500000000000001,0.36,1440
550,merite_70,0.9500000000000001,0.37,1480
551,merite_70,0.9500000000000001,0.38,1520
552,merite_70,0.9500000000000001,0.39,1560
553,merite_70,0.9500000000000001,0.4,1600
554,merite_70,0.9500000000000001,0.41,1640
555,merite_70,0.9500000000000001,0.42,1680
556,merite_70,0.9500000000000001,0.43,1720
557,merite_70,0.9500000000000001,0.44,1760
558,merite_70,1.0,0.36,1440
559,merite_70,1.0,0.37,1480
560,merite_70,1.0,0.38,1520
561,merite_70,1.0,0.39,1560
562,merite_70,1.0,0.4,1600
563,merite_70,1.0,0.41,1640
564,merite_70,1.0,0.42,1680
565,merite_70,1.0,0.43,1720
566,merite_70,1.0,0.44,1760
567,academique_50,0.0,0.36,1440
568,academique_50,0.0,0.37,1480
569,academique_50,0.0,0.38,1520
570,academique_50,0.0,0.39,1560
571,academique_50,0.0,0.4,1600
572,academique_50,0.0,0.41,1640
573,academique_50,0.0,0.42,1680
574,academique_50,0.0,0.43,1720
575,academique_50,0.0,0.44,1760
576,academique_50,0.05,0.36,1440
577,academique_50,0.05,0.37,1480
578,academique_50,0.05,0.38,1520
579,academique_50,0.05,0.39,1560
580,academique_50,0.05,0.4,1600
581,academique_50,0.05,0.41,1640
582,academique_50,0.05,0.42,1680
583,academique_50,0.05,0.43,1720
584,academique_50,0.05,0.44,1760
585,academique_50,0.1,0.36,1440
586,academique_50,0.1,0.37,1480
587,academique_50,0.1,0.38,1520
588,academique_50,0.1,0.39,1560
589,academique_50,0.1,0.4,1600
590,academique_50,0.1,0.41,1640
591,academique_50,0.1,0.42,1680
592,academique_50,0.1,0.43,1720
593,academique_50,0.1,0.44,1760
594,academique_50,0.15000000000000002,0.36,1440
595,academique_50,0.15000000000000002,0.37,1480
596,academique_50,0.15000000000000002,0.38,1520
597,academique_50,0.15000000000000002,0.39,1560
598,academique_50,0.15000000000000002,0.4,1600
599,academique_50,0.15000000000000002,0.41,1640
600,academique_50,0.15000000000000002,0.42,1680
601,academique_50,0.15000000000000002,0.43,1720
602,academique_50,0.15000000000000002,0.44,1760
603,academique_50,0.2,0.36,1440
604,academique_50,0.2,0.37,1480
605,academique_50,0.2,0.38,1520
606,academique_50,0.2,0.39,1560
607,academique_50,0.2,0.4,1600
608,academique_50,0.2,0.41,1640
609,academique_50,0.2,0.42,1680
610,academique_50,0.2,0.43,1720
611,academique_50,0.2,0.44,1760
612,academique_50,0.25,0.36,1440
613,academique_50,0.25,0.37,1480
614,academique_50,0.25,0.38,1520
615,academique_50,0.25,0.39,1560
616,academique_50,0.25,0.4,1600
617,academique_50,0.25,0.41,1640
618,academique_50,0.25,0.42,1680
619,academique_50,0.25,0.43,1720
620,academique_50,0.25,0.44,1760
621,academique_50,0.30000000000000004,0.36,1440
622,academique_50,0.30000000000000004,0.37,1480
623,academique_50,0.30000000000000004,0.38,1520
624,academique_50,0.30000000000000004,0.39,1560
625,academique_50,0.30000000000000004,0.4,1600
626,academique_50,0.30000000000000004,0.41,1640
627,academique_50,0.30000000000000004,0.42,1680
628,academique_50,0.30000000000000004,0.43,1720
629,academique_50,0.30000000000000004,0.44,1760
630,academique_50,0.35000000000000003,0.36,1440
631,academique_50,0.35000000000000003,0.37,1480
632,academique_50,0.35000000000000003,0.38,1520
633,academique_50,0.35000000000000003,0.39,1560
634,academique_50,0.35000000000000003,0.4,1600
635,academique_50,0.35000000000000003,0.41,1640
636,academique_50,0.35000000000000003,0.42,1680
637,academique_50,0.35000000000000003,0.43,1720
638,academique_50,0.35000000000000003,0.44,1760
639,academique_50,0.4,0.36,1440
640,academique_50,0.4,0.37,1480
641,academique_50,0.4,0.38,1520
642,academique_50,0.4,0.39,1560
643,academique_50,0.4,0.4,1600
644,academique_50,0.4,0.41,1640
645,academique_50,0.4,0.42,1680
646,academique_50,0.4,0.43,1720
647,academique_50,0.4,0.44,1760
648,academique_50,0.45,0.36,1440
649,academique_50,0.45,0.37,1480
650,academique_50,0.45,0.38,1520
651,academique_50,0.45,0.39,1560
652,academique_50,0.45,0.4,1600
653,academique_50,0.45,0.41,1640
654,academique_50,0.45,0.42,1680
655,academique_50,0.45,0.43,1720
656,academique_50,0.45,0.44,1760
657,academique_50,0.5,0.36,1440
658,academique_50,0.5,0.37,1480
659,academique_50,0.5,0.38,1520
660,academique_50,0.5,0.39,1560
661,academique_50,0.5,0.4,1600
662,academique_50,0.5,0.41,1640
663,academique_50,0.5,0.42,1680
664,academique_50,0.5,0.43,1720
665,academique_50,0.5,0.44,1760
666,academique_50,0.55,0.36,1440
667,academique_50,0.55,0.37,1480
668,academique_50,0.55,0.38,1520
669,academique_50,0.55,0.39,1560
670,academique_50,0.55,0.4,1600
671,academique_50,0.55,0.41,1640
672,academique_50,0.55,0.42,1680
673,academique_50,0.55,0.43,1720
674,academique_50,0.55,0.44,1760
675,academique_50,0.6000000000000001,0.36,1440
676,academique_50,0.6000000000000001,0.37,1480
677,academique_50,0.6000000000000001,0.38,1520
678,academique_50,0.6000000000000001,0.39,1560
679,academique_50,0.6000000000000001,0.4,1600
680,academique_50,0.6000000000000001,0.41,1640
681,academique_50,0.6000000000000001,0.42,1680
682,academique_50,0.6000000000000001,0.43,1720
683,academique_50,0.6000000000000001,0.44,1760
684,academique_50,0.65,0.36,1440
685,academique_50,0.65,0.37,1480
686,academique_50,0.65,0.38,1520
687,academique_50,0.65,0.39,1560
688,academique_50,0.65,0.4,1600
689,academique_50,0.65,0.41,1640
690,academique_50,0.65,0.42,1680
691,academique_50,0.65,0.43,1720
692,academique_50,0.65,0.44,1760
693,academique_50,0.7000000000000001,0.36,1440
694,academique_50,0.7000000000000001,0.37,1480
695,academique_50,0.7000000000000001,0.38,1520
696,academique_50,0.7000000000000001,0.39,1560
697,academique_50,0.7000000000000001,0.4,1600
698,academique_50,0.7000000000000001,0.41,1640
699,academique_50,0.7000000000000001,0.42,1680
700,academique_50,0.7000000000000001,0.43,1720
701,academique_50,0.7000000000000001,0.44,1760
702,academique_50,0.75,0.36,1440
703,academique_50,0.75,0.37,1480
704,academique_50,0.75,0.38,1520
705,academique_50,0.75,0.39,1560
706,academique_50,0.75,0.4,1600
707,academique_50,0.75,0.41,1640
708,academique_50,0.75,0.42,1680
709,academique_50,0.75,0.43,1720
710,academique_50,0.75,0.44,1760
711,academique_50,0.8,0.36,1440
712,academique_50,0.8,0.37,1480
713,academique_50,0.8,0.38,1520
714,academique_50,0.8,0.39,1560
715,academique_50,0.8,0.4,1600
716,academique_50,0.8,0.41,1640
717,academique_50,0.8,0.42,1680
718,academique_50,0.8,0.43,1720
719,academique_50,0.8,0.44,1760
720,academique_50,0.8500000000000001,0.36,1440
721,academique_50,0.8500000000000001,0.37,1480
722,academique_50,0.8500000000000001,0.38,1520
723,academique_50,0.8500000000000001,0.39,1560
724,academique_50,0.8500000000000001,0.4,1600
725,academique_50,0.8500000000000001,0.41,1640
726,academique_50,0.8500000000000001,0.42,1680
727,academique_50,0.8500000000000001,0.43,1720
728,academique_50,0.8500000000000001,0.44,1760
729,academique_50,0.9,0.36,1440
730,academique_50,0.9,0.37,1480
731,academique_50,0.9,0.38,1520
732,academique_50,0.9,0.39,1560
733,academique_50,0.9,0.4,1600
734,academique_50,0.9,0.41,1640
735,academique_50,0.9,0.42,1680
736,academique_50,0.9,0.43,1720
737,academique_50,0.9,0.44,1760
738,academique_50,0.9500000000000001,0.36,1440
739,academique_50,0.9500000000000001,0.37,1480
740,academique_50,0.9500000000000001,0.38,1520
741,academique_50,0.9500000000000001,0.39,1560
742,academique_50,0.9500000000000001,0.4,1600
743,academique_50,0.9500000000000001,0.41,1640
744,academique_50,0.9500000000000001,0.42,1680
745,academique_50,0.9500000000000001,0.43,1720
746,academique_50,0.9500000000000001,0.44,1760
747,academique_50,1.0,0.36,1440
748,academique_50,1.0,0.37,1480
749,academique_50,1.0,0.38,1520
750,academique_50,1.0,0.39,1560
751,academique_50,1.0,0.4,1600
752,academique_50,1.0,0.41,1640
753,academique_50,1.0,0.42,1680
754,academique_50,1.0,0.43,1720
755,academique_50,1.0,0.44,1760
756,merite_besoin,0.0,0.36,1440
757,merite_besoin,0.0,0.37,1480
758,merite_besoin,0.0,0.38,1520
759,merite_besoin,0.0,0.39,1560
760,merite_besoin,0.0,0.4,1600
761,merite_besoin,0.0,0.41,1640
762,merite_besoin,0.0,0.42,1680
763,merite_besoin,0.0,0.43,1720
764,merite_besoin,0.0,0.44,1760
765,merite_besoin,0.05,0.36,1440
766,merite_besoin,0.05,0.37,1480
767,merite_besoin,0.05,0.38,1520
768,merite_besoin,0.05,0.39,1560
769,merite_besoin,0.05,0.4,1600
770,merite_besoin,0.05,0.41,1640
771,merite_besoin,0.05,0.42,1680
772,merite_besoin,0.05,0.43,1720
773,merite_besoin,0.05,0.44,1760
774,merite_besoin,0.1,0.36,1440
775,merite_besoin,0.1,0.37,1480
776,merite_besoin,0.1,0.38,1520
777,merite_besoin,0.1,0.39,1560
778,merite_besoin,0.1,0.4,1600
779,merite_besoin,0.1,0.41,1640
780,merite_besoin,0.1,0.42,1680
781,merite_besoin,0.1,0.43,1720
782,merite_besoin,0.1,0.44,1760
783,merite_besoin,0.15000000000000002,0.36,1440
784,merite_besoin,0.15000000000000002,0.37,1480
785,merite_besoin,0.15000000000000002,0.38,1520
786,merite_besoin,0.15000000000000002,0.39,1560
787,merite_besoin,0.15000000000000002,0.4,1600
788,merite_besoin,0.15000000000000002,0.41,1640
789,merite_besoin,0.15000000000000002,0.42,1680
790,merite_besoin,0.15000000000000002,0.43,1720
791,merite_besoin,0.15000000000000002,0.44,1760
792,merite_besoin,0.2,0.36,1440
793,merite_besoin,0.2,0.37,1480
794,merite_besoin,0.2,0.38,1520
795,merite_besoin,0.2,0.39,1560
796,merite_besoin,0.2,0.4,1600
797,merite_besoin,0.2,0.41,1640
798,merite_besoin,0.2,0.42,1680
799,merite_besoin,0.2,0.43,1720
800,merite_besoin,0.2,0.44,1760
801,merite_besoin,0.25,0.36,1440
802,merite_besoin,0.25,0.37,1480
803,merite_besoin,0.25,0.38,1520
804,merite_besoin,0.25,0.39,1560
805,merite_besoin,0.25,0.4,1600
806,merite_besoin,0.25,0.41,1640
807,merite_besoin,0.25,0.42,1680
808,merite_besoin,0.25,0.43,1720
809,merite_besoin,0.25,0.44,1760
810,merite_besoin,0.30000000000000004,0.36,1440
811,merite_besoin,0.30000000000000004,0.37,1480
812,merite_besoin,0.30000000000000004,0.38,1520
813,merite_besoin,0.30000000000000004,0.39,1560
814,merite_besoin,0.30000000000000004,0.4,1600
815,merite_besoin,0.30000000000000004,0.41,1640
816,merite_besoin,0.30000000000000004,0.42,1680
817,merite_besoin,0.30000000000000004,0.43,1720
818,merite_besoin,0.30000000000000004,0.44,1760
819,merite_besoin,0.35000000000000003,0.36,1440
820,merite_besoin,0.35000000000000003,0.37,1480
821,merite_besoin,0.35000000000000003,0.38,1520
822,merite_besoin,0.35000000000000003,0.39,1560
823,merite_besoin,0.35000000000000003,0.4,1600
824,merite_besoin,0.35000000000000003,0.41,1640
825,merite_besoin,0.35000000000000003,0.42,1680
826,merite_besoin,0.35000000000000003,0.43,1720
827,merite_besoin,0.35000000000000003,0.44,1760
828,merite_besoin,0.4,0.36,1440
829,merite_besoin,0.4,0.37,1480
830,merite_besoin,0.4,0.38,1520
831,merite_besoin,0.4,0.39,1560
832,merite_besoin,0.4,0.4,1600
833,merite_besoin,0.4,0.41,1640
834,merite_besoin,0.4,0.42,1680
835,merite_besoin,0.4,0.43,1720
836,merite_besoin,0.4,0.44,1760
837,merite_besoin,0.45,0.36,1440
838,merite_besoin,0.45,0.37,1480
839,merite_besoin,0.45,0.38,1520
840,merite_besoin,0.45,0.39,1560
841,merite_besoin,0.45,0.4,1600
842,merite_besoin,0.45,0.41,1640
843,merite_besoin,0.45,0.42,1680
844,merite_besoin,0.45,0.43,1720
845,merite_besoin,0.45,0.44,1760
846,merite_besoin,0.5,0.36,1440
847,merite_besoin,0.5,0.37,1480
848,merite_besoin,0.5,0.38,1520
849,merite_besoin,0.5,0.39,1560
850,merite_besoin,0.5,0.4,1600
851,merite_besoin,0.5,0.41,1640
852,merite_besoin,0.5,0.42,1680
853,merite_besoin,0.5,0.43,1720
854,merite_besoin,0.5,0.44,1760
855,merite_besoin,0.55,0.36,1440
856,merite_besoin,0.55,0.37,1480
857,merite_besoin,0.55,0.38,1520
858,merite_besoin,0.55,0.39,1560
859,merite_besoin,0.55,0.4,1600
860,merite_besoin,0.55,0.41,1640
861,merite_besoin,0.55,0.42,1680
862,merite_besoin,0.55,0.43,1720
863,merite_besoin,0.55,0.44,1760
864,merite_besoin,0.6000000000000001,0.36,1440
865,merite_besoin,0.6000000000000001,0.37,1480
866,merite_besoin,0.6000000000000001,0.38,1520
867,merite_besoin,0.6000000000000001,0.39,1560
868,merite_besoin,0.6000000000000001,0.4,1600
869,merite_besoin,0.6000000000000001,0.41,1640
870,merite_besoin,0.6000000000000001,0.42,1680
871,merite_besoin,0.6000000000000001,0.43,1720
872,merite_besoin,0.6000000000000001,0.44,1760
873,merite_besoin,0.65,0.36,1440
874,merite_besoin,0.65,0.37,1480
875,merite_besoin,0.65,0.38,1520
876,merite_besoin,0.65,0.39,1560
877,merite_besoin,0.65,0.4,1600
878,merite_besoin,0.65,0.41,1640
879,merite_besoin,0.65,0.42,1680
880,merite_besoin,0.65,0.43,1720
881,merite_besoin,0.65,0.44,1760
882,merite_besoin,0.7000000000000001,0.36,1440
883,merite_besoin,0.7000000000000001,0.37,1480
884,merite_besoin,0.7000000000000001,0.38,1520
885,merite_besoin,0.7000000000000001,0.39,1560
886,merite_besoin,0.7000000000000001,0.4,1600
887,merite_besoin,0.7000000000000001,0.41,1640
888,merite_besoin,0.7000000000000001,0.42,1680
889,merite_besoin,0.7000000000000001,0.43,1720
890,merite_besoin,0.7000000000000001,0.44,1760
891,merite_besoin,0.75,0.36,1440
892,merite_besoin,0.75,0.37,1480
893,merite_besoin,0.75,0.38,1520
894,merite_besoin,0.75,0.39,1560
895,merite_besoin,0.75,0.4,1600
896,merite_besoin,0.75,0.41,1640
897,merite_besoin,0.75,0.42,1680
898,merite_besoin,0.75,0.43,1720
899,merite_besoin,0.75,0.44,1760
900,merite_besoin,0.8,0.36,1440
901,merite_besoin,0.8,0.37,1480
902,merite_besoin,0.8,0.38,1520
903,merite_besoin,0.8,0.39,1560
904,merite_besoin,0.8,0.4,1600
905,merite_besoin,0.8,0.41,1640
906,merite_besoin,0.8,0.42,1680
907,merite_besoin,0.8,0.43,1720
908,merite_besoin,0.8,0.44,1760
909,merite_besoin,0.8500000000000001,0.36,1440
910,merite_besoin,0.8500000000000001,0.37,1480
911,merite_besoin,0.8500000000000001,0.38,1520
912,merite_besoin,0.8500000000000001,0.39,1560
913,merite_besoin,0.8500000000000001,0.4,1600
914,merite_besoin,0.8500000000000001,0.41,1640
915,merite_besoin,0.8500000000000001,0.42,1680
916,merite_besoin,0.8500000000000001,0.43,1720
917,merite_besoin,0.8500000000000001,0.44,1760
918,merite_besoin,0.9,0.36,1440
919,merite_besoin,0.9,0.37,1480
920,merite_besoin,0.9,0.38,1520
921,merite_besoin,0.9,0.39,1560
922,merite_besoin,0.9,0.4,1600
923,merite_besoin,0.9,0.41,1640
924,merite_besoin,0.9,0.42,1680
925,merite_besoin,0.9,0.43,1720
926,merite_besoin,0.9,0.44,1760
927,merite_besoin,0.9500000000000001,0.36,1440
928,merite_besoin,0.9500000000000001,0.37,1480
929,merite_besoin,0.9500000000000001,0.38,1520
930,merite_besoin,0.9500000000000001,0.39,1560
931,merite_besoin,0.9500000000000001,0.4,1600
932,merite_besoin,0.9500000000000001,0.41,1640
933,merite_besoin,0.9500000000000001,0.42,1680
934,merite_besoin,0.9500000000000001,0.43,1720
935,merite_besoin,0.9500000000000001,0.44,1760
936,merite_besoin,1.0,0.36,1440
937,merite_besoin,1.0,0.37,1480
938,merite_besoin,1.0,0.38,1520
939,merite_besoin,1.0,0.39,1560
940,merite_besoin,1.0,0.4,1600
941,merite_besoin,1.0,0.41,1640
942,merite_besoin,1.0,0.42,1680
943,merite_besoin,1.0,0.43,1720
944,merite_besoin,1.0,0.44,1760
945,equilibre,0.0,0.36,1440
946,equilibre,0.0,0.37,1480
947,equilibre,0.0,0.38,1520
948,equilibre,0.0,0.39,1560
949,equilibre,0.0,0.4,1600
950,equilibre,0.0,0.41,1640
951,equilibre,0.0,0.42,1680
952,equilibre,0.0,0.43,1720
953,equilibre,0.0,0.44,1760
954,equilibre,0.05,0.36,1440
955,equilibre,0.05,0.37,1480
956,equilibre,0.05,0.38,1520
957,equilibre,0.05,0.39,1560
958,equilibre,0.05,0.4,1600
959,equilibre,0.05,0.41,1640
960,equilibre,0.05,0.42,1680
961,equilibre,0.05,0.43,1720
962,equilibre,0.05,0.44,1760
963,equilibre,0.1,0.36,1440
964,equilibre,0.1,0.37,1480
965,equilibre,0.1,0.38,1520
966,equilibre,0.1,0.39,1560
967,equilibre,0.1,0.4,1600
968,equilibre,0.1,0.41,1640
969,equilibre,0.1,0.42,1680
970,equilibre,0.1,0.43,1720
971,equilibre,0.1,0.44,1760
972,equilibre,0.15000000000000002,0.36,1440
973,equilibre,0.15000000000000002,0.37,1480
974,equilibre,0.15000000000000002,0.38,1520
975,equilibre,0.15000000000000002,0.39,1560
976,equilibre,0.15000000000000002,0.4,1600
977,equilibre,0.15000000000000002,0.41,1640
978,equilibre,0.15000000000000002,0.42,1680
979,equilibre,0.15000000000000002,0.43,1720
980,equilibre,0.15000000000000002,0.44,1760
981,equilibre,0.2,0.36,1440
982,equilibre,0.2,0.37,1480
983,equilibre,0.2,0.38,1520
984,equilibre,0.2,0.39,1560
985,equilibre,0.2,0.4,1600
986,equilibre,0.2,0.41,1640
987,equilibre,0.2,0.42,1680
988,equilibre,0.2,0.43,1720
989,equilibre,0.2,0.44,1760
990,equilibre,0.25,0.36,1440
991,equilibre,0.25,0.37,1480
992,equilibre,0.25,0.38,1520
993,equilibre,0.25,0.39,1560
994,equilibre,0.25,0.4,1600
995,equilibre,0.25,0.41,1640
996,equilibre,0.25,0.42,1680
997,equilibre,0.25,0.43,1720
998,equilibre,0.25,0.44,1760
999,equilibre,0.30000000000000004,0.36,1440
1000,equilibre,0.30000000000000004,0.37,1480
1001,equilibre,0.30000000000000004,0.38,1520
1002,equilibre,0.30000000000000004,0.39,1560
1003,equilibre,0.30000000000000004,0.4,1600
1004,equilibre,0.30000000000000004,0.41,1640
1005,equilibre,0.30000000000000004,0.42,1680
1006,equilibre,0.30000000000000004,0.43,1720
1007,equilibre,0.30000000000000004,0.44,1760
1008,equilibre,0.35000000000000003,0.36,1440
1009,equilibre,0.35000000000000003,0.37,1480
1010,equilibre,0.35000000000000003,0.38,1520
1011,equilibre,0.35000000000000003,0.39,1560
1012,equilibre,0.35000000000000003,0.4,1600
1013,equilibre,0.35000000000000003,0.41,1640
1014,equilibre,0.35000000000000003,0.42,1680
1015,equilibre,0.35000000000000003,0.43,1720
1016,equilibre,0.35000000000000003,0.44,1760
1017,equilibre,0.4,0.36,1440
1018,equilibre,0.4,0.37,1480
1019,equilibre,0.4,0.38,1520
1020,equilibre,0.4,0.39,1560
1021,equilibre,0.4,0.4,1600
1022,equilibre,0.4,0.41,1640
1023,equilibre,0.4,0.42,1680
1024,equilibre,0.4,0.43,1720
1025,equilibre,0.4,0.44,1760
1026,equilibre,0.45,0.36,1440
1027,equilibre,0.45,0.37,1480
1028,equilibre,0.45,0.38,1520
1029,equilibre,0.45,0.39,1560
1030,equilibre,0.45,0.4,1600
1031,equilibre,0.45,0.41,1640
1032,equilibre,0.45,0.42,1680
1033,equilibre,0.45,0.43,1720
1034,equilibre,0.45,0.44,1760
1035,equilibre,0.5,0.36,1440
1036,equilibre,0.5,0.37,1480
1037,equilibre,0.5,0.38,1520
1038,equilibre,0.5,0.39,1560
1039,equilibre,0.5,0.4,1600
1040,equilibre,0.5,0.41,1640
1041,equilibre,0.5,0.42,1680
1042,equilibre,0.5,0.43,1720
1043,equilibre,0.5,0.44,1760
1044,equilibre,0.55,0.36,1440
1045,equilibre,0.55,0.37,1480
1046,equilibre,0.55,0.38,1520
1047,equilibre,0.55,0.39,1560
1048,equilibre,0.55,0.4,1600
1049,equilibre,0.55,0.41,1640
1050,equilibre,0.55,0.42,1680
1051,equilibre,0.55,0.43,1720
1052,equilibre,0.55,0.44,1760
1053,equilibre,0.6000000000000001,0.36,1440
1054,equilibre,0.6000000000000001,0.37,1480
1055,equilibre,0.6000000000000001,0.38,1520
1056,equilibre,0.6000000000000001,0.39,1560
1057,equilibre,0.6000000000000001,0.4,1600
1058,equilibre,0.6000000000000001,0.41,1640
1059,equilibre,0.6000000000000001,0.42,1680
1060,equilibre,0.6000000000000001,0.43,1720
1061,equilibre,0.6000000000000001,0.44,1760
1062,equilibre,0.65,0.36,1440
1063,equilibre,0.65,0.37,1480
1064,equilibre,0.65,0.38,1520
1065,equilibre,0.65,0.39,1560
1066,equilibre,0.65,0.4,1600
1067,equilibre,0.65,0.41,1640
1068,equilibre,0.65,0.42,1680
1069,equilibre,0.65,0.43,1720
1070,equilibre,0.65,0.44,1760
1071,equilibre,0.7000000000000001,0.36,1440
1072,equilibre,0.7000000000000001,0.37,1480
1073,equilibre,0.7000000000000001,0.38,1520
1074,equilibre,0.7000000000000001,0.39,1560
1075,equilibre,0.7000000000000001,0.4,1600
1076,equilibre,0.7000000000000001,0.41,1640
1077,equilibre,0.7000000000000001,0.42,1680
1078,equilibre,0.7000000000000001,0.43,1720
1079,equilibre,0.7000000000000001,0.44,1760
1080,equilibre,0.75,0.36,1440
1081,equilibre,0.75,0.37,1480
1082,equilibre,0.75,0.38,1520
1083,equilibre,0.75,0.39,1560
1084,equilibre,0.75,0.4,1600
1085,equilibre,0.75,0.41,1640
1086,equilibre,0.75,0.42,1680
1087,equilibre,0.75,0.43,1720
1088,equilibre,0.75,0.44,1760
1089,equilibre,0.8,0.36,1440
1090,equilibre,0.8,0.37,1480
1091,equilibre,0.8,0.38,1520
1092,equilibre,0.8,0.39,1560
1093,equilibre,0.8,0.4,1600
1094,equilibre,0.8,0.41,1640
1095,equilibre,0.8,0.42,1680
1096,equilibre,0.8,0.43,1720
1097,equilibre,0.8,0.44,1760
1098,equilibre,0.8500000000000001,0.36,1440
1099,equilibre,0.8500000000000001,0.37,1480
1100,equilibre,0.8500000000000001,0.38,1520
1101,equilibre,0.8500000000000001,0.39,1560
1102,equilibre,0.8500000000000001,0.4,1600
1103,equilibre,0.8500000000000001,0.41,1640
1104,equilibre,0.8500000000000001,0.42,1680
1105,equilibre,0.8500000000000001,0.43,1720
1106,equilibre,0.8500000000000001,0.44,1760
1107,equilibre,0.9,0.36,1440
1108,equilibre,0.9,0.37,1480
1109,equilibre,0.9,0.38,1520
1110,equilibre,0.9,0.39,1560
1111,equilibre,0.9,0.4,1600
1112,equilibre,0.9,0.41,1640
1113,equilibre,0.9,0.42,1680
1114,equilibre,0.9,0.43,1720
1115,equilibre,0.9,0.44,1760
1116,equilibre,0.9500000000000001,0.36,1440
1117,equilibre,0.9500000000000001,0.37,1480
1118,equilibre,0.9500000000000001,0.38,1520
1119,equilibre,0.9500000000000001,0.39,1560
1120,equilibre,0.9500000000000001,0.4,1600
1121,equilibre,0.9500000000000001,0.41,1640
1122,equilibre,0.9500000000000001,0.42,1680
1123,equilibre,0.9500000000000001,0.43,1720
1124,equilibre,0.9500000000000001,0.44,1760
1125,equilibre,1.0,0.36,1440
1126,equilibre,1.0,0.37,1480
1127,equilibre,1.0,0.38,1520
1128,equilibre,1.0,0.39,1560
1129,equilibre,1.0,0.4,1600
1130,equilibre,1.0,0.41,1640
1131,equilibre,1.0,0.42,1680
1132,equilibre,1.0,0.43,1720
1133,equilibre,1.0,0.44,1760
